Entity,Code,Year,Life expectancy - Sex: female - Age: 0 - Variant: estimates,Life expectancy - Sex: male - Age: 0 - Variant: estimates,Population - Sex: all - Age: all - Variant: estimates,World regions according to OWID,time,time
Afghanistan,AFG,2023,67.536,64.467,41454709,Asia,2023,2023
Albania,ALB,2023,81.446,77.728,2811615,Europe,2023,2023
Algeria,DZA,2023,77.696,74.895,46164169,Africa,2023,2023
American Samoa,ASM,2023,75.838,70.202,47499,Oceania,2023,2023
Andorra,AND,2023,86.107,82.1,80825,Europe,2023,2023
Angola,AGO,2023,67.144,62.099,36749852,Africa,2023,2023
Anguilla,AIA,2023,82.664,76.026,14391,North America,2023,2023
Antigua and Barbuda,ATG,2023,80.294,74.549,93293,North America,2023,2023
Argentina,ARG,2023,79.875,74.805,45538356,South America,2023,2023
Armenia,ARM,2023,79.454,71.385,2943346,Asia,2023,2023
Aruba,ABW,2023,78.779,73.702,107904,North America,2023,2023
Australia,AUS,2023,85.737,82.098,26451074,Oceania,2023,2023
Austria,AUT,2023,84.319,79.543,9130386,Europe,2023,2023
Azerbaijan,AZE,2023,77.134,71.561,10318161,Asia,2023,2023
Bahamas,BHS,2023,78.187,70.906,399410,North America,2023,2023
Bahrain,BHR,2023,81.987,80.672,1569625,Asia,2023,2023
Bangladesh,BGD,2023,76.373,73.032,171466945,Asia,2023,2023
Barbados,BRB,2023,78.615,73.631,282302,North America,2023,2023
Belarus,BLR,2023,79.065,69.535,9115626,Europe,2023,2023
Belgium,BEL,2023,84.329,79.856,11712836,Europe,2023,2023
Belize,BLZ,2023,76.495,70.928,411073,North America,2023,2023
Benin,BEN,2023,62.208,59.347,14110987,Africa,2023,2023
Bermuda,BMU,2023,85.742,78.855,64676,North America,2023,2023
Bhutan,BTN,2023,74.965,71.305,786330,Asia,2023,2023
Bolivia,BOL,2023,71.145,66.128,12244104,South America,2023,2023
Bonaire Sint Eustatius and Saba,BES,2023,80.163,75.235,29870,North America,2023,2023
Bosnia and Herzegovina,BIH,2023,80.903,74.424,3185033,Europe,2023,2023
Botswana,BWA,2023,71.698,66.673,2480185,Africa,2023,2023
Brazil,BRA,2023,78.983,72.76,211140678,South America,2023,2023
British Virgin Islands,VGB,2023,80.049,74.526,38954,North America,2023,2023
Brunei,BRN,2023,77.555,73.328,458910,Asia,2023,2023
Bulgaria,BGR,2023,79.213,72.163,6795757,Europe,2023,2023
Burkina Faso,BFA,2023,63.222,58.921,23025738,Africa,2023,2023
Burundi,BDI,2023,65.697,61.599,13689406,Africa,2023,2023
Cambodia,KHM,2023,73.187,68.011,17423835,Asia,2023,2023
Cameroon,CMR,2023,65.944,61.522,28372638,Africa,2023,2023
Canada,CAN,2023,84.83,80.427,39299053,North America,2023,2023
Cape Verde,CPV,2023,79.209,72.856,522290,Africa,2023,2023
Cayman Islands,CYM,2023,82.867,77.981,73009,North America,2023,2023
Central African Republic,CAF,2023,59.29,55.26,5152373,Africa,2023,2023
Chad,TCD,2023,57.014,53.195,19319025,Africa,2023,2023
Chile,CHL,2023,83.084,79.24,19658791,South America,2023,2023
China,CHN,2023,80.926,75.201,1422584878,Asia,2023,2023
Colombia,COL,2023,80.452,74.95,52321104,South America,2023,2023
Comoros,COM,2023,68.932,64.786,850335,Africa,2023,2023
Congo,COG,2023,67.461,64.122,6182830,Africa,2023,2023
Cook Islands,COK,2023,79.049,71.869,14198,Oceania,2023,2023
Costa Rica,CRI,2023,83.42,78.129,5105469,North America,2023,2023
Cote d'Ivoire,CIV,2023,64.132,60.016,31165592,Africa,2023,2023
Croatia,HRV,2023,81.688,75.408,3895973,Europe,2023,2023
Cuba,CUB,2023,80.52,75.672,11019881,North America,2023,2023
Curacao,CUW,2023,80.823,72.456,185383,North America,2023,2023
Cyprus,CYP,2023,83.668,79.635,1344937,Europe,2023,2023
Czechia,CZE,2023,82.641,76.999,10809674,Europe,2023,2023
Democratic Republic of Congo,COD,2023,64.038,59.792,105789681,Africa,2023,2023
Denmark,DNK,2023,83.855,80.019,5948078,Europe,2023,2023
Djibouti,DJI,2023,68.51,63.525,1152912,Africa,2023,2023
Dominica,DMA,2023,74.545,68.214,66478,North America,2023,2023
Dominican Republic,DOM,2023,76.975,70.532,11331213,North America,2023,2023
East Timor,TLS,2023,69.436,66.067,1384234,Asia,2023,2023
Ecuador,ECU,2023,80.139,74.664,17980034,South America,2023,2023
Egypt,EGY,2023,73.809,69.493,114535724,Africa,2023,2023
El Salvador,SLV,2023,76.264,67.524,6309575,North America,2023,2023
Equatorial Guinea,GNQ,2023,65.661,62.037,1847501,Africa,2023,2023
Eritrea,ERI,2023,70.656,66.509,3470344,Africa,2023,2023
Estonia,EST,2023,83.043,74.9,1367143,Europe,2023,2023
Eswatini,SWZ,2023,66.953,61.187,1230457,Africa,2023,2023
Ethiopia,ETH,2023,70.726,64.078,128691654,Africa,2023,2023
Falkland Islands,FLK,2023,81.24,77.151,3460,South America,2023,2023
Faroe Islands,FRO,2023,82.504,78.169,54689,Europe,2023,2023
Fiji,FJI,2023,69.362,65.341,924114,Oceania,2023,2023
Finland,FIN,2023,84.665,79.165,5601133,Europe,2023,2023
France,FRA,2023,86.088,80.428,66438774,Europe,2023,2023
French Guiana,GUF,2023,79.99,74.134,303358,South America,2023,2023
French Polynesia,PYF,2023,86.505,81.779,281075,Oceania,2023,2023
Gabon,GAB,2023,71.052,65.905,2484739,Africa,2023,2023
Gambia,GMB,2023,67.534,64.174,2697797,Africa,2023,2023
Georgia,GEO,2023,79.107,69.569,3807436,Asia,2023,2023
Germany,DEU,2023,83.756,79.017,84548184,Europe,2023,2023
Ghana,GHA,2023,67.943,63.134,33787870,Africa,2023,2023
Gibraltar,GIB,2023,86.143,80.915,38442,Europe,2023,2023
Greece,GRC,2023,84.331,79.287,10242850,Europe,2023,2023
Greenland,GRL,2023,72.439,68.092,55895,North America,2023,2023
Grenada,GRD,2023,78.359,72.364,117047,North America,2023,2023
Guadeloupe,GLP,2023,85.531,78.134,376468,North America,2023,2023
Guam,GUM,2023,81.419,73.435,166477,Oceania,2023,2023
Guatemala,GTM,2023,74.877,70.312,18124791,North America,2023,2023
Guernsey,GGY,2023,85.576,81.012,63995,Europe,2023,2023
Guinea,GIN,2023,61.897,59.517,14405424,Africa,2023,2023
Guinea-Bissau,GNB,2023,66.362,61.657,2153292,Africa,2023,2023
Guyana,GUY,2023,73.944,66.507,826310,South America,2023,2023
Haiti,HTI,2023,68.3,61.729,11637352,North America,2023,2023
Honduras,HND,2023,75.501,70.346,10644802,North America,2023,2023
Hong Kong,HKG,2023,88.129,82.844,7442686,Asia,2023,2023
Hungary,HUN,2023,80.189,73.708,9686418,Europe,2023,2023
Iceland,ISL,2023,84.506,80.981,387522,Europe,2023,2023
India,IND,2023,73.598,70.522,1438069540,Asia,2023,2023
Indonesia,IDN,2023,73.268,69.036,281190021,Asia,2023,2023
Iran,IRN,2023,79.628,75.786,90608663,Asia,2023,2023
Iraq,IRQ,2023,74.055,70.426,45074010,Asia,2023,2023
Ireland,IRL,2023,84.478,80.372,5196586,Europe,2023,2023
Isle of Man,IMN,2023,83.134,78.926,84139,Europe,2023,2023
Israel,ISR,2023,84.59,80.182,9256261,Asia,2023,2023
Italy,ITA,2023,85.746,81.568,59499408,Europe,2023,2023
Jamaica,JAM,2023,73.994,68.975,2839729,North America,2023,2023
Japan,JPN,2023,87.741,81.688,124370893,Asia,2023,2023
Jersey,JEY,2023,81.758,77.72,103634,Europe,2023,2023
Jordan,JOR,2023,80.192,75.709,11439171,Asia,2023,2023
Kazakhstan,KAZ,2023,78.394,70.112,20330063,Asia,2023,2023
Kenya,KEN,2023,65.92,61.459,55338953,Africa,2023,2023
Kiribati,KIR,2023,68.17,64.58,132494,Oceania,2023,2023
Kosovo,OWID_KOS,2023,80.118,75.804,1699985,Europe,2023,2023
Kuwait,KWT,2023,81.846,79.253,4838724,Asia,2023,2023
Kyrgyzstan,KGZ,2023,75.249,68.179,7073476,Asia,2023,2023
Laos,LAO,2023,71.25,66.779,7664955,Asia,2023,2023
Latvia,LVA,2023,80.472,71.56,1882336,Europe,2023,2023
Lebanon,LBN,2023,79.734,75.744,5773446,Asia,2023,2023
Lesotho,LSO,2023,60.007,54.62,2311429,Africa,2023,2023
Liberia,LBR,2023,63.444,60.875,5492981,Africa,2023,2023
Libya,LBY,2023,70.416,68.265,7305611,Africa,2023,2023
Liechtenstein,LIE,2023,85.321,81.837,39574,Europe,2023,2023
Lithuania,LTU,2023,80.675,71.216,2854061,Europe,2023,2023
Luxembourg,LUX,2023,83.836,80.568,665058,Europe,2023,2023
Macao,MAC,2023,85.249,80.825,713868,Asia,2023,2023
Madagascar,MDG,2023,65.377,61.938,31195885,Africa,2023,2023
Malawi,MWI,2023,70.562,64.073,21104426,Africa,2023,2023
Malaysia,MYS,2023,79.37,74.272,35126249,Asia,2023,2023
Maldives,MDV,2023,82.819,79.691,525955,Asia,2023,2023
Mali,MLI,2023,61.9,59.036,23769081,Africa,2023,2023
Malta,MLT,2023,85.259,81.272,532921,Europe,2023,2023
Marshall Islands,MHL,2023,69.334,64.933,38803,Oceania,2023,2023
Martinique,MTQ,2023,85.618,79.254,345950,North America,2023,2023
Mauritania,MRT,2023,70.484,66.499,5022397,Africa,2023,2023
Mauritius,MUS,2023,78.18,71.935,1273543,Africa,2023,2023
Mayotte,MYT,2023,78.331,74.086,315983,Africa,2023,2023
Mexico,MEX,2023,77.811,72.243,129739713,North America,2023,2023
Micronesia (country),FSM,2023,71.119,63.488,112602,Oceania,2023,2023
Moldova,MDA,2023,75.535,66.568,3067017,Europe,2023,2023
Monaco,MCO,2023,88.504,84.448,38929,Europe,2023,2023
Mongolia,MNG,2023,76.43,67.244,3431887,Asia,2023,2023
Montenegro,MNE,2023,80.31,73.735,633503,Europe,2023,2023
Montserrat,MSR,2023,78.813,74.112,4397,North America,2023,2023
Morocco,MAR,2023,77.6,73.173,37712463,Africa,2023,2023
Mozambique,MOZ,2023,66.544,60.301,33635119,Africa,2023,2023
Myanmar,MMR,2023,70.164,63.79,54133741,Asia,2023,2023
Namibia,NAM,2023,71.337,63.327,2963048,Africa,2023,2023
Nauru,NRU,2023,64.003,60.281,11850,Oceania,2023,2023
Nepal,NPL,2023,71.837,68.835,29694568,Asia,2023,2023
Netherlands,NLD,2023,83.739,80.538,18092473,Europe,2023,2023
New Caledonia,NCL,2023,81.286,76.279,289836,Oceania,2023,2023
New Zealand,NZL,2023,83.77,80.412,5172791,Oceania,2023,2023
Nicaragua,NIC,2023,77.418,72.305,6823569,North America,2023,2023
Niger,NER,2023,62.129,60.26,26159817,Africa,2023,2023
Nigeria,NGA,2023,54.743,54.176,227882899,Africa,2023,2023
Niue,NIU,2023,72.71,67.429,1809,Oceania,2023,2023
North Korea,PRK,2023,75.744,71.457,26418146,Asia,2023,2023
North Macedonia,MKD,2023,79.57,75.106,1831749,Europe,2023,2023
Northern Mariana Islands,MNP,2023,80.74,77.13,45116,Oceania,2023,2023
Norway,NOR,2023,84.849,81.748,5519123,Europe,2023,2023
Oman,OMN,2023,81.882,78.49,5049214,Asia,2023,2023
Pakistan,PAK,2023,70.163,65.332,247504458,Asia,2023,2023
Palau,PLW,2023,71.798,67.154,17707,Oceania,2023,2023
Palestine,PSE,2023,71.502,59.691,5409153,Asia,2023,2023
Panama,PAN,2023,82.557,76.654,4458719,North America,2023,2023
Papua New Guinea,PNG,2023,69.085,63.739,10389589,Oceania,2023,2023
Paraguay,PRY,2023,76.953,70.886,6844101,South America,2023,2023
Peru,PER,2023,80.123,75.413,33845565,South America,2023,2023
Philippines,PHL,2023,72.819,66.893,114891152,Asia,2023,2023
Poland,POL,2023,82.354,74.877,38762796,Europe,2023,2023
Portugal,PRT,2023,85.118,79.437,10430680,Europe,2023,2023
Puerto Rico,PRI,2023,85.243,78.032,3241974,North America,2023,2023
Qatar,QAT,2023,83.368,81.611,2979038,Asia,2023,2023
Reunion,REU,2023,86.333,80.531,874837,Africa,2023,2023
Romania,ROU,2023,79.555,72.397,19118433,Europe,2023,2023
Russia,RUS,2023,79.037,67.256,145440454,Europe,2023,2023
Rwanda,RWA,2023,69.886,65.493,13954429,Africa,2023,2023
Saint Barthelemy,BLM,2023,86.81,81.462,11068,North America,2023,2023
Saint Helena,SHN,2023,80.622,73.869,5281,Africa,2023,2023
Saint Kitts and Nevis,KNA,2023,76.023,68.573,46743,North America,2023,2023
Saint Lucia,LCA,2023,76.304,69.311,179241,North America,2023,2023
Saint Martin (French part),MAF,2023,83.839,76.766,27500,North America,2023,2023
Saint Pierre and Miquelon,SPM,2023,81.516,72.753,5673,North America,2023,2023
Saint Vincent and the Grenadines,VCT,2023,74.315,68.664,101286,North America,2023,2023
Samoa,WSM,2023,73.662,69.861,216630,Oceania,2023,2023
San Marino,SMR,2023,87.1,84.206,33705,Europe,2023,2023
Sao Tome and Principe,STP,2023,73.728,66.239,230834,Africa,2023,2023
Saudi Arabia,SAU,2023,81.156,77.097,33264239,Asia,2023,2023
Senegal,SEN,2023,70.754,66.79,18077527,Africa,2023,2023
Serbia,SRB,2023,80.042,73.5,6773156,Europe,2023,2023
Seychelles,SYC,2023,76.515,69.937,127910,Africa,2023,2023
Sierra Leone,SLE,2023,63.502,60.065,8460469,Africa,2023,2023
Singapore,SGP,2023,86.236,81.24,5789037,Asia,2023,2023
Sint Maarten (Dutch part),SXM,2023,79.531,73.698,42734,North America,2023,2023
Slovakia,SVK,2023,81.581,75.022,5518008,Europe,2023,2023
Slovenia,SVN,2023,84.337,78.896,2118353,Europe,2023,2023
Solomon Islands,SLB,2023,71.982,69.217,799964,Oceania,2023,2023
Somalia,SOM,2023,61.388,56.35,18358576,Africa,2023,2023
South Africa,ZAF,2023,69.599,62.609,63212339,Africa,2023,2023
South Korea,KOR,2023,87.158,81.194,51748695,Asia,2023,2023
South Sudan,SSD,2023,60.627,54.636,11483321,Africa,2023,2023
Spain,ESP,2023,86.312,80.962,47911535,Europe,2023,2023
Sri Lanka,LKA,2023,80.593,74.244,22971566,Asia,2023,2023
Sudan,SDN,2023,69.626,63.272,50042754,Africa,2023,2023
Suriname,SUR,2023,76.835,70.458,628840,South America,2023,2023
Sweden,SWE,2023,85.101,81.444,10551441,Europe,2023,2023
Switzerland,CHE,2023,85.833,82.009,8870520,Europe,2023,2023
Syria,SYR,2023,74.412,69.829,23594567,Asia,2023,2023
Taiwan,TWN,2023,83.607,77.628,23317100,Asia,2023,2023
Tajikistan,TJK,2023,73.976,69.574,10389764,Asia,2023,2023
Tanzania,TZA,2023,69.775,64.198,66617556,Africa,2023,2023
Thailand,THA,2023,80.861,72.161,71702397,Asia,2023,2023
Togo,TGO,2023,62.923,62.536,9304289,Africa,2023,2023
Tokelau,TKL,2023,78.922,74.954,2390,Oceania,2023,2023
Tonga,TON,2023,76.405,69.37,104565,Oceania,2023,2023
Trinidad and Tobago,TTO,2023,76.683,70.378,1502887,North America,2023,2023
Tunisia,TUN,2023,79.149,73.918,12200387,Africa,2023,2023
Turkey,TUR,2023,79.855,74.529,87270451,Asia,2023,2023
Turkmenistan,TKM,2023,72.839,66.871,7364394,Asia,2023,2023
Turks and Caicos Islands,TCA,2023,80.297,75.826,46171,North America,2023,2023
Tuvalu,TUV,2023,70.698,63.765,9788,Oceania,2023,2023
Uganda,UGA,2023,71.116,65.268,48656550,Africa,2023,2023
Ukraine,UKR,2023,80.198,66.9,37732781,Europe,2023,2023
United Arab Emirates,ARE,2023,84.204,81.978,10642052,Asia,2023,2023
United Kingdom,GBR,2023,83.208,79.362,68682907,Europe,2023,2023
United States,USA,2023,81.849,76.864,343477286,North America,2023,2023
United States Virgin Islands,VIR,2023,81.352,70.513,85666,North America,2023,2023
Uruguay,URY,2023,81.92,74.192,3388029,South America,2023,2023
Uzbekistan,UZB,2023,75.401,69.45,35652264,Asia,2023,2023
Vanuatu,VUT,2023,73.927,69.445,320377,Oceania,2023,2023
Vatican,VAT,2023,85.12,80.778,489,Europe,2023,2023
Venezuela,VEN,2023,76.501,68.72,28300815,South America,2023,2023
Vietnam,VNM,2023,79.264,69.877,100352143,Asia,2023,2023
Wallis and Futuna,WLF,2023,79.616,77.661,11360,Oceania,2023,2023
Western Sahara,ESH,2023,73.546,69.688,579688,Africa,2023,2023
Yemen,YEM,2023,71.388,67.235,39390750,Asia,2023,2023
Zambia,ZMB,2023,68.673,63.936,20723923,Africa,2023,2023
Zimbabwe,ZWE,2023,65.013,60.226,16340778,Africa,2023,2023