country,page_number,score,rank,diff,left,right
Albania,83,0.915,128.0,-8.47,91.39,99.86
Algeria,85,1.0,1.0,4.07,100.71,104.78
Angola,87,0.652,139.0,-22.6,42.29,64.9
Argentina,89,1.0,1.0,6.75,113.27,120.03
Armenia,91,1.0,1.0,0.01,96.86,96.87
Australia,93,0.961,121.0,-5.27,130.56,135.83
Austria,95,0.981,107.0,-1.95,100.45,102.41
Azerbaijan,97,0.957,124.0,-3.57,78.72,82.29
Bahrain,99,0.962,120.0,-4.06,101.43,105.49
Bangladesh,101,1.0,1.0,10.87,66.47,77.34
Barbados,103,1.0,1.0,3.68,104.59,108.27
Belarus,105,0.959,123.0,-3.92,92.53,96.46
Belgium,107,1.0,1.0,14.47,136.11,150.59
Belize,109,1.0,1.0,3.21,85.42,88.63
Benin,111,0.861,134.0,-6.79,41.92,48.71
Bhutan,113,1.0,1.0,13.11,81.79,94.9
Bolivia,115,1.0,1.0,0.09,91.42,91.51
Bosnia and Herzegovina,117,1.0,1.0,0.5,83.65,84.15
Botswana,119,1.0,1.0,7.3,66.41,73.71
Brazil,121,1.0,1.0,6.95,103.28,110.23
Brunei Darussalam,123,1.0,1.0,3.08,86.93,90.02
Bulgaria,125,0.972,111.0,-2.57,88.41,90.99
Burkina Faso,127,1.0,1.0,4.97,31.27,36.24
Burundi,129,1.0,1.0,9.85,37.07,46.92
Cambodia,131,1.0,1.0,9.91,53.1,63.01
Cameroon,133,0.9,130.0,-4.74,42.77,47.51
Canada,135,0.998,88.0,-0.25,109.21,109.46
Cape Verde,137,1.0,1.0,8.25,82.42,90.67
Chad,139,0.597,141.0,-12.13,17.95,30.08
Chile,141,0.983,103.0,-1.84,105.13,106.97
China,143,0.873,133.0,-6.76,46.62,53.38
Colombia,145,1.0,1.0,3.95,99.64,103.59
Comoros,147,1.0,1.0,4.27,60.77,65.05
"Congo, Democratic Republic of t",149,0.634,140.0,-25.5,44.15,69.65
Costa Rica,151,1.0,1.0,14.73,125.98,140.71
Côte D'Ivoire,153,0.903,129.0,-5.62,52.22,57.84
Croatia,155,1.0,1.0,5.62,100.25,105.87
Cyprus,157,0.982,104.0,-1.83,101.57,103.4
Czechia,159,1.0,1.0,1.07,99.57,100.65
Denmark,161,0.99,95.0,-1.26,129.68,130.94
Dominican Republic,163,1.0,1.0,7.1,73.03,80.12
Ecuador,165,1.0,1.0,2.18,97.09,99.27
Egypt,167,0.965,117.0,-3.08,84.02,87.1
El Salvador,169,1.0,1.0,5.8,62.94,68.74
Estonia,171,1.0,1.0,4.36,110.43,114.79
Eswatini,173,0.985,99.0,-1.33,85.31,86.64
Ethiopia,175,0.97,112.0,-1.06,34.33,35.39
Fiji,177,0.919,127.0,-7.09,80.55,87.64
Finland,179,1.0,1.0,16.41,136.83,153.24
France,181,1.0,1.0,0.41,104.08,104.49
Gambia,183,1.0,1.0,17.74,92.61,110.34
Georgia,185,0.961,122.0,-4.13,101.63,105.77
Germany,187,0.941,126.0,-6.12,98.05,104.17
Ghana,189,1.0,1.0,0.34,76.61,76.96
Greece,191,0.977,110.0,-2.47,104.25,106.71
Guatemala,193,1.0,1.0,1.89,45.18,47.07
Guinea,195,0.759,137.0,-9.84,30.96,40.8
Guyana,197,1.0,1.0,6.07,82.54,88.6
Honduras,199,1.0,1.0,7.32,46.34,53.66
Hungary,201,0.997,89.0,-0.26,99.56,99.82
Iceland,203,0.964,118.0,-4.22,113.0,117.22
India,205,1.0,1.0,0.42,76.34,76.76
Indonesia,207,1.0,1.0,0.79,98.59,99.38
Iran,209,0.98,108.0,-1.78,86.17,87.94
Ireland,211,1.0,1.0,12.35,129.23,141.58
Israel,213,1.0,1.0,0.9,96.49,97.39
Italy,215,0.987,98.0,-1.34,101.64,102.98
Jamaica,217,1.0,1.0,0.06,83.84,83.9
Japan,219,1.0,1.0,0.31,102.0,102.32
Jordan,221,1.0,1.0,0.06,70.91,70.97
Kazakhstan,223,0.996,92.0,-0.42,94.21,94.62
Kenya,225,,,,,
Kuwait,227,1.0,1.0,8.23,91.34,99.57
Kyrgyzstan,229,0.981,106.0,-1.78,92.56,94.35
Lao PDR,231,0.97,113.0,-1.76,55.99,57.75
Latvia,233,1.0,1.0,0.8,104.38,105.17
Lebanon,235,1.0,1.0,1.57,49.21,50.79
Lesotho,237,1.0,1.0,17.15,51.21,68.36
Liberia,239,0.963,119.0,-1.43,37.08,38.51
Lithuania,241,0.98,109.0,-2.26,108.17,110.43
Luxembourg,243,1.0,1.0,1.94,105.54,107.49
Madagascar,245,1.0,1.0,2.21,34.05,36.26
Malaysia,247,1.0,1.0,4.45,82.38,86.83
Maldives,249,1.0,1.0,4.17,68.81,72.98
Mali,251,0.874,132.0,-4.74,32.96,37.7
Malta,253,1.0,1.0,0.41,102.5,102.91
Mauritius,255,1.0,1.0,3.48,90.47,93.94
Mexico,257,1.0,1.0,12.71,92.11,104.82
"Moldova, Republic of",259,0.999,87.0,-0.13,96.72,96.85
Mongolia,261,1.0,1.0,4.19,95.59,99.77
Montenegro,263,1.0,1.0,0.39,91.07,91.46
Morocco,265,0.966,115.0,-3.02,84.69,87.71
Mozambique,267,0.946,125.0,-2.09,36.85,38.94
Namibia,269,,,,,
Nepal,271,1.0,1.0,0.35,89.38,89.73
Netherlands,273,1.0,1.0,1.43,114.42,115.85
New Zealand,275,1.0,1.0,5.96,114.7,120.66
Nicaragua,277,0.999,86.0,-0.04,49.98,50.02
Niger,279,0.748,138.0,-7.3,21.64,28.93
Nigeria,281,0.989,97.0,-0.54,46.96,47.5
North Macedonia,283,1.0,1.0,0.96,80.91,81.87
Norway,285,0.968,114.0,-3.88,117.83,121.71
Oman,287,0.984,100.0,-1.51,91.2,92.72
Pakistan,289,0.843,135.0,-7.11,38.2,45.32
Panama,291,1.0,1.0,3.6,81.11,84.71
Paraguay,293,1.0,1.0,1.34,75.07,76.41
Peru,295,1.0,1.0,3.06,100.79,103.85
Philippines,297,1.0,1.0,7.24,90.17,97.41
Poland,299,0.984,101.0,-1.72,102.8,104.51
Portugal,301,1.0,1.0,0.81,117.93,118.74
Qatar,303,0.982,105.0,-1.94,106.68,108.62
Romania,305,1.0,1.0,0.42,85.99,86.41
Rwanda,307,1.0,1.0,7.19,38.3,45.49
Saudi Arabia,309,0.994,94.0,-0.7,119.61,120.31
Senegal,311,1.0,1.0,9.5,42.25,51.75
Serbia,313,1.0,1.0,2.25,89.25,91.5
Sierra Leone,315,1.0,1.0,2.44,69.52,71.96
Singapore,317,0.997,90.0,-0.31,102.88,103.19
Slovakia,319,1.0,1.0,1.31,91.57,92.87
Slovenia,321,1.0,1.0,1.78,107.01,108.79
South Africa,323,1.0,1.0,11.47,106.17,117.64
South Korea,325,0.995,93.0,-0.48,97.67,98.15
Spain,327,1.0,1.0,4.61,116.88,121.5
Sri Lanka,329,1.0,1.0,4.37,88.86,93.22
Sudan,331,1.0,1.0,0.77,47.98,48.75
Suriname,333,1.0,1.0,9.88,60.74,70.62
Sweden,335,1.0,1.0,18.6,130.39,148.99
Switzerland,337,0.965,116.0,-3.64,101.52,105.16
Tajikistan,339,,,,,
Thailand,341,0.996,91.0,-0.45,109.29,109.74
Timor-Leste,343,1.0,1.0,12.13,79.36,91.49
Togo,345,0.826,136.0,-12.28,58.08,70.36
Tunisia,347,1.0,1.0,9.31,86.63,95.93
Türkiye,349,0.983,102.0,-1.95,113.15,115.09
Uganda,351,0.899,131.0,-2.55,22.73,25.28
Ukraine,353,1.0,1.0,0.78,84.28,85.05
United Arab Emirates,355,1.0,1.0,0.32,120.19,120.52
United Kingdom,357,1.0,1.0,3.54,110.18,113.73
United Republic of Tanzania,359,1.0,1.0,2.02,26.9,28.92
United States of America,361,1.0,1.0,2.3,96.35,98.65
Uruguay,363,1.0,1.0,14.86,113.5,128.36
Uzbekistan,365,0.99,96.0,-0.93,87.94,88.87
Vanuatu,367,1.0,1.0,1.94,74.48,76.42
Viet Nam,369,1.0,1.0,0.07,97.22,97.29
Zambia,371,,,,,
Zimbabwe,373,,,,,
