IndicatorCode,IndicatorName,Country,CountryCode,Year,Sex,DeathRate,DeathRate_Low,DeathRate_High,Comments,DataSource
SA_0000001444,,AFG,COUNTRY,2004,SEX_BTSX,366.9,,,,
SA_0000001444,,AFG,COUNTRY,2004,SEX_FMLE,282.9,,,,
SA_0000001444,,AFG,COUNTRY,2004,SEX_MLE,447.4,,,,
SA_0000001444,,AGO,COUNTRY,2004,SEX_BTSX,142.4,,,,
SA_0000001444,,AGO,COUNTRY,2004,SEX_FMLE,111.0,,,,
SA_0000001444,,AGO,COUNTRY,2004,SEX_MLE,180.5,,,,
SA_0000001444,,ALB,COUNTRY,2004,SEX_BTSX,172.9,,,,
SA_0000001444,,ALB,COUNTRY,2004,SEX_FMLE,123.3,,,,
SA_0000001444,,ALB,COUNTRY,2004,SEX_MLE,228.1,,,,
SA_0000001444,,AND,COUNTRY,2004,SEX_BTSX,48.1,,,,
SA_0000001444,,AND,COUNTRY,2004,SEX_FMLE,30.5,,,,
SA_0000001444,,AND,COUNTRY,2004,SEX_MLE,68.9,,,,
SA_0000001444,,ARE,COUNTRY,2004,SEX_BTSX,95.1,,,,
SA_0000001444,,ARE,COUNTRY,2004,SEX_FMLE,59.9,,,,
SA_0000001444,,ARE,COUNTRY,2004,SEX_MLE,120.9,,,,
SA_0000001444,,ARG,COUNTRY,2004,SEX_BTSX,75.2,,,,
SA_0000001444,,ARG,COUNTRY,2004,SEX_FMLE,44.4,,,,
SA_0000001444,,ARG,COUNTRY,2004,SEX_MLE,115.5,,,,
SA_0000001444,,ARM,COUNTRY,2004,SEX_BTSX,419.7,,,,
SA_0000001444,,ARM,COUNTRY,2004,SEX_FMLE,335.3,,,,
SA_0000001444,,ARM,COUNTRY,2004,SEX_MLE,533.1,,,,
SA_0000001444,,ATG,COUNTRY,2004,SEX_BTSX,85.8,,,,
SA_0000001444,,ATG,COUNTRY,2004,SEX_FMLE,59.6,,,,
SA_0000001444,,ATG,COUNTRY,2004,SEX_MLE,113.4,,,,
SA_0000001444,,AUS,COUNTRY,2004,SEX_BTSX,72.8,,,,
SA_0000001444,,AUS,COUNTRY,2004,SEX_FMLE,52.6,,,,
SA_0000001444,,AUS,COUNTRY,2004,SEX_MLE,95.9,,,,
SA_0000001444,,AUT,COUNTRY,2004,SEX_BTSX,86.7,,,,
SA_0000001444,,AUT,COUNTRY,2004,SEX_FMLE,67.0,,,,
SA_0000001444,,AUT,COUNTRY,2004,SEX_MLE,112.6,,,,
SA_0000001444,,AZE,COUNTRY,2004,SEX_BTSX,403.0,,,,
SA_0000001444,,AZE,COUNTRY,2004,SEX_FMLE,341.0,,,,
SA_0000001444,,AZE,COUNTRY,2004,SEX_MLE,480.0,,,,
SA_0000001444,,BDI,COUNTRY,2004,SEX_BTSX,124.8,,,,
SA_0000001444,,BDI,COUNTRY,2004,SEX_FMLE,102.3,,,,
SA_0000001444,,BDI,COUNTRY,2004,SEX_MLE,158.0,,,,
SA_0000001444,,BEL,COUNTRY,2004,SEX_BTSX,75.1,,,,
SA_0000001444,,BEL,COUNTRY,2004,SEX_FMLE,50.6,,,,
SA_0000001444,,BEL,COUNTRY,2004,SEX_MLE,105.4,,,,
SA_0000001444,,BEN,COUNTRY,2004,SEX_BTSX,113.1,,,,
SA_0000001444,,BEN,COUNTRY,2004,SEX_FMLE,96.2,,,,
SA_0000001444,,BEN,COUNTRY,2004,SEX_MLE,135.2,,,,
SA_0000001444,,BFA,COUNTRY,2004,SEX_BTSX,125.7,,,,
SA_0000001444,,BFA,COUNTRY,2004,SEX_FMLE,104.2,,,,
SA_0000001444,,BFA,COUNTRY,2004,SEX_MLE,153.8,,,,
SA_0000001444,,BGD,COUNTRY,2004,SEX_BTSX,210.6,,,,
SA_0000001444,,BGD,COUNTRY,2004,SEX_FMLE,187.2,,,,
SA_0000001444,,BGD,COUNTRY,2004,SEX_MLE,235.8,,,,
SA_0000001444,,BGR,COUNTRY,2004,SEX_BTSX,179.9,,,,
SA_0000001444,,BGR,COUNTRY,2004,SEX_FMLE,125.9,,,,
SA_0000001444,,BGR,COUNTRY,2004,SEX_MLE,245.9,,,,
SA_0000001444,,BHR,COUNTRY,2004,SEX_BTSX,96.3,,,,
SA_0000001444,,BHR,COUNTRY,2004,SEX_FMLE,72.8,,,,
SA_0000001444,,BHR,COUNTRY,2004,SEX_MLE,113.7,,,,
SA_0000001444,,BHS,COUNTRY,2004,SEX_BTSX,94.8,,,,
SA_0000001444,,BHS,COUNTRY,2004,SEX_FMLE,76.0,,,,
SA_0000001444,,BHS,COUNTRY,2004,SEX_MLE,117.3,,,,
SA_0000001444,,BIH,COUNTRY,2004,SEX_BTSX,114.3,,,,
SA_0000001444,,BIH,COUNTRY,2004,SEX_FMLE,77.7,,,,
SA_0000001444,,BIH,COUNTRY,2004,SEX_MLE,161.2,,,,
SA_0000001444,,BLR,COUNTRY,2004,SEX_BTSX,414.5,,,,
SA_0000001444,,BLR,COUNTRY,2004,SEX_FMLE,316.4,,,,
SA_0000001444,,BLR,COUNTRY,2004,SEX_MLE,565.7,,,,
SA_0000001444,,BLZ,COUNTRY,2004,SEX_BTSX,98.9,,,,
SA_0000001444,,BLZ,COUNTRY,2004,SEX_FMLE,78.1,,,,
SA_0000001444,,BLZ,COUNTRY,2004,SEX_MLE,119.7,,,,
SA_0000001444,,BOL,COUNTRY,2004,SEX_BTSX,85.5,,,,
SA_0000001444,,BOL,COUNTRY,2004,SEX_FMLE,67.6,,,,
SA_0000001444,,BOL,COUNTRY,2004,SEX_MLE,106.8,,,,
SA_0000001444,,BRA,COUNTRY,2004,SEX_BTSX,99.5,,,,
SA_0000001444,,BRA,COUNTRY,2004,SEX_FMLE,79.1,,,,
SA_0000001444,,BRA,COUNTRY,2004,SEX_MLE,123.3,,,,
SA_0000001444,,BRB,COUNTRY,2004,SEX_BTSX,68.3,,,,
SA_0000001444,,BRB,COUNTRY,2004,SEX_FMLE,43.0,,,,
SA_0000001444,,BRB,COUNTRY,2004,SEX_MLE,104.3,,,,
SA_0000001444,,BRN,COUNTRY,2004,SEX_BTSX,56.9,,,,
SA_0000001444,,BRN,COUNTRY,2004,SEX_FMLE,41.2,,,,
SA_0000001444,,BRN,COUNTRY,2004,SEX_MLE,71.3,,,,
SA_0000001444,,BTN,COUNTRY,2004,SEX_BTSX,220.7,,,,
SA_0000001444,,BTN,COUNTRY,2004,SEX_FMLE,183.3,,,,
SA_0000001444,,BTN,COUNTRY,2004,SEX_MLE,257.2,,,,
SA_0000001444,,BWA,COUNTRY,2004,SEX_BTSX,83.2,,,,
SA_0000001444,,BWA,COUNTRY,2004,SEX_FMLE,64.1,,,,
SA_0000001444,,BWA,COUNTRY,2004,SEX_MLE,112.5,,,,
SA_0000001444,,CAF,COUNTRY,2004,SEX_BTSX,119.4,,,,
SA_0000001444,,CAF,COUNTRY,2004,SEX_FMLE,96.9,,,,
SA_0000001444,,CAF,COUNTRY,2004,SEX_MLE,149.6,,,,
SA_0000001444,,CAN,COUNTRY,2004,SEX_BTSX,74.2,,,,
SA_0000001444,,CAN,COUNTRY,2004,SEX_FMLE,50.9,,,,
SA_0000001444,,CAN,COUNTRY,2004,SEX_MLE,102.3,,,,
SA_0000001444,,CHE,COUNTRY,2004,SEX_BTSX,63.6,,,,
SA_0000001444,,CHE,COUNTRY,2004,SEX_FMLE,46.6,,,,
SA_0000001444,,CHE,COUNTRY,2004,SEX_MLE,85.7,,,,
SA_0000001444,,CHL,COUNTRY,2004,SEX_BTSX,59.1,,,,
SA_0000001444,,CHL,COUNTRY,2004,SEX_FMLE,39.1,,,,
SA_0000001444,,CHL,COUNTRY,2004,SEX_MLE,86.0,,,,
SA_0000001444,,CHN,COUNTRY,2004,SEX_BTSX,62.8,,,,
SA_0000001444,,CHN,COUNTRY,2004,SEX_FMLE,57.4,,,,
SA_0000001444,,CHN,COUNTRY,2004,SEX_MLE,68.0,,,,
SA_0000001444,,CIV,COUNTRY,2004,SEX_BTSX,130.3,,,,
SA_0000001444,,CIV,COUNTRY,2004,SEX_FMLE,95.9,,,,
SA_0000001444,,CIV,COUNTRY,2004,SEX_MLE,162.9,,,,
SA_0000001444,,CMR,COUNTRY,2004,SEX_BTSX,116.2,,,,
SA_0000001444,,CMR,COUNTRY,2004,SEX_FMLE,93.6,,,,
SA_0000001444,,CMR,COUNTRY,2004,SEX_MLE,142.4,,,,
SA_0000001444,,COD,COUNTRY,2004,SEX_BTSX,125.4,,,,
SA_0000001444,,COD,COUNTRY,2004,SEX_FMLE,103.4,,,,
SA_0000001444,,COD,COUNTRY,2004,SEX_MLE,153.7,,,,
SA_0000001444,,COG,COUNTRY,2004,SEX_BTSX,102.0,,,,
SA_0000001444,,COG,COUNTRY,2004,SEX_FMLE,82.4,,,,
SA_0000001444,,COG,COUNTRY,2004,SEX_MLE,127.0,,,,
SA_0000001444,,COK,COUNTRY,2004,SEX_BTSX,91.1,,,,
SA_0000001444,,COK,COUNTRY,2004,SEX_FMLE,49.8,,,,
SA_0000001444,,COK,COUNTRY,2004,SEX_MLE,136.5,,,,
SA_0000001444,,COL,COUNTRY,2004,SEX_BTSX,105.7,,,,
SA_0000001444,,COL,COUNTRY,2004,SEX_FMLE,82.7,,,,
SA_0000001444,,COL,COUNTRY,2004,SEX_MLE,134.3,,,,
SA_0000001444,,COM,COUNTRY,2004,SEX_BTSX,98.8,,,,
SA_0000001444,,COM,COUNTRY,2004,SEX_FMLE,78.9,,,,
SA_0000001444,,COM,COUNTRY,2004,SEX_MLE,124.0,,,,
SA_0000001444,,CPV,COUNTRY,2004,SEX_BTSX,74.2,,,,
SA_0000001444,,CPV,COUNTRY,2004,SEX_FMLE,60.1,,,,
SA_0000001444,,CPV,COUNTRY,2004,SEX_MLE,99.5,,,,
SA_0000001444,,CRI,COUNTRY,2004,SEX_BTSX,83.0,,,,
SA_0000001444,,CRI,COUNTRY,2004,SEX_FMLE,65.6,,,,
SA_0000001444,,CRI,COUNTRY,2004,SEX_MLE,101.9,,,,
SA_0000001444,,CUB,COUNTRY,2004,SEX_BTSX,107.2,,,,
SA_0000001444,,CUB,COUNTRY,2004,SEX_FMLE,88.6,,,,
SA_0000001444,,CUB,COUNTRY,2004,SEX_MLE,127.5,,,,
SA_0000001444,,CYP,COUNTRY,2004,SEX_BTSX,93.5,,,,
SA_0000001444,,CYP,COUNTRY,2004,SEX_FMLE,60.3,,,,
SA_0000001444,,CYP,COUNTRY,2004,SEX_MLE,132.3,,,,
SA_0000001444,,CZE,COUNTRY,2004,SEX_BTSX,148.0,,,,
SA_0000001444,,CZE,COUNTRY,2004,SEX_FMLE,107.0,,,,
SA_0000001444,,CZE,COUNTRY,2004,SEX_MLE,202.6,,,,
SA_0000001444,,DEU,COUNTRY,2004,SEX_BTSX,89.7,,,,
SA_0000001444,,DEU,COUNTRY,2004,SEX_FMLE,66.1,,,,
SA_0000001444,,DEU,COUNTRY,2004,SEX_MLE,120.5,,,,
SA_0000001444,,DJI,COUNTRY,2004,SEX_BTSX,245.5,,,,
SA_0000001444,,DJI,COUNTRY,2004,SEX_FMLE,214.0,,,,
SA_0000001444,,DJI,COUNTRY,2004,SEX_MLE,284.1,,,,
SA_0000001444,,DMA,COUNTRY,2004,SEX_BTSX,39.8,,,,
SA_0000001444,,DMA,COUNTRY,2004,SEX_FMLE,29.3,,,,
SA_0000001444,,DMA,COUNTRY,2004,SEX_MLE,51.5,,,,
SA_0000001444,,DNK,COUNTRY,2004,SEX_BTSX,88.0,,,,
SA_0000001444,,DNK,COUNTRY,2004,SEX_FMLE,63.8,,,,
SA_0000001444,,DNK,COUNTRY,2004,SEX_MLE,118.0,,,,
SA_0000001444,,DOM,COUNTRY,2004,SEX_BTSX,177.6,,,,
SA_0000001444,,DOM,COUNTRY,2004,SEX_FMLE,146.8,,,,
SA_0000001444,,DOM,COUNTRY,2004,SEX_MLE,208.3,,,,
SA_0000001444,,DZA,COUNTRY,2004,SEX_BTSX,78.9,,,,
SA_0000001444,,DZA,COUNTRY,2004,SEX_FMLE,65.1,,,,
SA_0000001444,,DZA,COUNTRY,2004,SEX_MLE,95.0,,,,
SA_0000001444,,ECU,COUNTRY,2004,SEX_BTSX,54.8,,,,
SA_0000001444,,ECU,COUNTRY,2004,SEX_FMLE,41.8,,,,
SA_0000001444,,ECU,COUNTRY,2004,SEX_MLE,69.1,,,,
SA_0000001444,,EGY,COUNTRY,2004,SEX_BTSX,252.3,,,,
SA_0000001444,,EGY,COUNTRY,2004,SEX_FMLE,209.7,,,,
SA_0000001444,,EGY,COUNTRY,2004,SEX_MLE,300.3,,,,
SA_0000001444,,ERI,COUNTRY,2004,SEX_BTSX,95.5,,,,
SA_0000001444,,ERI,COUNTRY,2004,SEX_FMLE,78.0,,,,
SA_0000001444,,ERI,COUNTRY,2004,SEX_MLE,123.2,,,,
SA_0000001444,,ESP,COUNTRY,2004,SEX_BTSX,52.4,,,,
SA_0000001444,,ESP,COUNTRY,2004,SEX_FMLE,33.9,,,,
SA_0000001444,,ESP,COUNTRY,2004,SEX_MLE,74.4,,,,
SA_0000001444,,EST,COUNTRY,2004,SEX_BTSX,222.0,,,,
SA_0000001444,,EST,COUNTRY,2004,SEX_FMLE,158.4,,,,
SA_0000001444,,EST,COUNTRY,2004,SEX_MLE,326.7,,,,
SA_0000001444,,ETH,COUNTRY,2004,SEX_BTSX,113.5,,,,
SA_0000001444,,ETH,COUNTRY,2004,SEX_FMLE,95.6,,,,
SA_0000001444,,ETH,COUNTRY,2004,SEX_MLE,134.6,,,,
SA_0000001444,,FIN,COUNTRY,2004,SEX_BTSX,108.4,,,,
SA_0000001444,,FIN,COUNTRY,2004,SEX_FMLE,72.2,,,,
SA_0000001444,,FIN,COUNTRY,2004,SEX_MLE,155.3,,,,
SA_0000001444,,FJI,COUNTRY,2004,SEX_BTSX,149.5,,,,
SA_0000001444,,FJI,COUNTRY,2004,SEX_FMLE,71.9,,,,
SA_0000001444,,FJI,COUNTRY,2004,SEX_MLE,236.0,,,,
SA_0000001444,,FRA,COUNTRY,2004,SEX_BTSX,38.0,,,,
SA_0000001444,,FRA,COUNTRY,2004,SEX_FMLE,23.7,,,,
SA_0000001444,,FRA,COUNTRY,2004,SEX_MLE,56.3,,,,
SA_0000001444,,FSM,COUNTRY,2004,SEX_BTSX,109.9,,,,
SA_0000001444,,FSM,COUNTRY,2004,SEX_FMLE,62.9,,,,
SA_0000001444,,FSM,COUNTRY,2004,SEX_MLE,162.1,,,,
SA_0000001444,,GAB,COUNTRY,2004,SEX_BTSX,102.6,,,,
SA_0000001444,,GAB,COUNTRY,2004,SEX_FMLE,75.7,,,,
SA_0000001444,,GAB,COUNTRY,2004,SEX_MLE,133.3,,,,
SA_0000001444,,GBR,COUNTRY,2004,SEX_BTSX,90.1,,,,
SA_0000001444,,GBR,COUNTRY,2004,SEX_FMLE,60.7,,,,
SA_0000001444,,GBR,COUNTRY,2004,SEX_MLE,126.0,,,,
SA_0000001444,,GEO,COUNTRY,2004,SEX_BTSX,245.9,,,,
SA_0000001444,,GEO,COUNTRY,2004,SEX_FMLE,191.3,,,,
SA_0000001444,,GEO,COUNTRY,2004,SEX_MLE,320.1,,,,
SA_0000001444,,GHA,COUNTRY,2004,SEX_BTSX,110.4,,,,
SA_0000001444,,GHA,COUNTRY,2004,SEX_FMLE,95.4,,,,
SA_0000001444,,GHA,COUNTRY,2004,SEX_MLE,126.2,,,,
SA_0000001444,,GIN,COUNTRY,2004,SEX_BTSX,116.2,,,,
SA_0000001444,,GIN,COUNTRY,2004,SEX_FMLE,93.7,,,,
SA_0000001444,,GIN,COUNTRY,2004,SEX_MLE,143.3,,,,
SA_0000001444,,GMB,COUNTRY,2004,SEX_BTSX,115.7,,,,
SA_0000001444,,GMB,COUNTRY,2004,SEX_FMLE,91.3,,,,
SA_0000001444,,GMB,COUNTRY,2004,SEX_MLE,142.4,,,,
SA_0000001444,,GNB,COUNTRY,2004,SEX_BTSX,126.7,,,,
SA_0000001444,,GNB,COUNTRY,2004,SEX_FMLE,103.1,,,,
SA_0000001444,,GNB,COUNTRY,2004,SEX_MLE,155.5,,,,
SA_0000001444,,GNQ,COUNTRY,2004,SEX_BTSX,129.7,,,,
SA_0000001444,,GNQ,COUNTRY,2004,SEX_FMLE,100.0,,,,
SA_0000001444,,GNQ,COUNTRY,2004,SEX_MLE,165.9,,,,
SA_0000001444,,GRC,COUNTRY,2004,SEX_BTSX,78.3,,,,
SA_0000001444,,GRC,COUNTRY,2004,SEX_FMLE,51.8,,,,
SA_0000001444,,GRC,COUNTRY,2004,SEX_MLE,107.9,,,,
SA_0000001444,,GRD,COUNTRY,2004,SEX_BTSX,106.9,,,,
SA_0000001444,,GRD,COUNTRY,2004,SEX_FMLE,80.7,,,,
SA_0000001444,,GRD,COUNTRY,2004,SEX_MLE,145.8,,,,
SA_0000001444,,GTM,COUNTRY,2004,SEX_BTSX,61.9,,,,
SA_0000001444,,GTM,COUNTRY,2004,SEX_FMLE,51.0,,,,
SA_0000001444,,GTM,COUNTRY,2004,SEX_MLE,74.1,,,,
SA_0000001444,,GUY,COUNTRY,2004,SEX_BTSX,164.2,,,,
SA_0000001444,,GUY,COUNTRY,2004,SEX_FMLE,142.1,,,,
SA_0000001444,,GUY,COUNTRY,2004,SEX_MLE,187.5,,,,
SA_0000001444,,HND,COUNTRY,2004,SEX_BTSX,155.8,,,,
SA_0000001444,,HND,COUNTRY,2004,SEX_FMLE,134.5,,,,
SA_0000001444,,HND,COUNTRY,2004,SEX_MLE,178.5,,,,
SA_0000001444,,HRV,COUNTRY,2004,SEX_BTSX,139.7,,,,
SA_0000001444,,HRV,COUNTRY,2004,SEX_FMLE,107.5,,,,
SA_0000001444,,HRV,COUNTRY,2004,SEX_MLE,182.0,,,,
SA_0000001444,,HTI,COUNTRY,2004,SEX_BTSX,58.3,,,,
SA_0000001444,,HTI,COUNTRY,2004,SEX_FMLE,42.8,,,,
SA_0000001444,,HTI,COUNTRY,2004,SEX_MLE,76.3,,,,
SA_0000001444,,HUN,COUNTRY,2004,SEX_BTSX,184.1,,,,
SA_0000001444,,HUN,COUNTRY,2004,SEX_FMLE,139.3,,,,
SA_0000001444,,HUN,COUNTRY,2004,SEX_MLE,247.1,,,,
SA_0000001444,,IDN,COUNTRY,2004,SEX_BTSX,159.7,,,,
SA_0000001444,,IDN,COUNTRY,2004,SEX_FMLE,136.8,,,,
SA_0000001444,,IDN,COUNTRY,2004,SEX_MLE,186.6,,,,
SA_0000001444,,IND,COUNTRY,2004,SEX_BTSX,207.7,,,,
SA_0000001444,,IND,COUNTRY,2004,SEX_FMLE,176.6,,,,
SA_0000001444,,IND,COUNTRY,2004,SEX_MLE,239.3,,,,
SA_0000001444,,IRL,COUNTRY,2004,SEX_BTSX,100.3,,,,
SA_0000001444,,IRL,COUNTRY,2004,SEX_FMLE,67.7,,,,
SA_0000001444,,IRL,COUNTRY,2004,SEX_MLE,138.3,,,,
SA_0000001444,,IRN,COUNTRY,2004,SEX_BTSX,221.6,,,,
SA_0000001444,,IRN,COUNTRY,2004,SEX_FMLE,186.3,,,,
SA_0000001444,,IRN,COUNTRY,2004,SEX_MLE,257.3,,,,
SA_0000001444,,IRQ,COUNTRY,2004,SEX_BTSX,303.8,,,,
SA_0000001444,,IRQ,COUNTRY,2004,SEX_FMLE,226.5,,,,
SA_0000001444,,IRQ,COUNTRY,2004,SEX_MLE,385.9,,,,
SA_0000001444,,ISL,COUNTRY,2004,SEX_BTSX,88.8,,,,
SA_0000001444,,ISL,COUNTRY,2004,SEX_FMLE,56.1,,,,
SA_0000001444,,ISL,COUNTRY,2004,SEX_MLE,127.1,,,,
SA_0000001444,,ISR,COUNTRY,2004,SEX_BTSX,58.8,,,,
SA_0000001444,,ISR,COUNTRY,2004,SEX_FMLE,41.9,,,,
SA_0000001444,,ISR,COUNTRY,2004,SEX_MLE,80.2,,,,
SA_0000001444,,ITA,COUNTRY,2004,SEX_BTSX,61.9,,,,
SA_0000001444,,ITA,COUNTRY,2004,SEX_FMLE,42.1,,,,
SA_0000001444,,ITA,COUNTRY,2004,SEX_MLE,87.1,,,,
SA_0000001444,,JAM,COUNTRY,2004,SEX_BTSX,136.9,,,,
SA_0000001444,,JAM,COUNTRY,2004,SEX_FMLE,116.4,,,,
SA_0000001444,,JAM,COUNTRY,2004,SEX_MLE,159.3,,,,
SA_0000001444,,JOR,COUNTRY,2004,SEX_BTSX,212.6,,,,
SA_0000001444,,JOR,COUNTRY,2004,SEX_FMLE,161.9,,,,
SA_0000001444,,JOR,COUNTRY,2004,SEX_MLE,261.7,,,,
SA_0000001444,,JPN,COUNTRY,2004,SEX_BTSX,32.1,,,,
SA_0000001444,,JPN,COUNTRY,2004,SEX_FMLE,21.2,,,,
SA_0000001444,,JPN,COUNTRY,2004,SEX_MLE,45.1,,,,
SA_0000001444,,KAZ,COUNTRY,2004,SEX_BTSX,400.5,,,,
SA_0000001444,,KAZ,COUNTRY,2004,SEX_FMLE,301.3,,,,
SA_0000001444,,KAZ,COUNTRY,2004,SEX_MLE,552.9,,,,
SA_0000001444,,KEN,COUNTRY,2004,SEX_BTSX,103.6,,,,
SA_0000001444,,KEN,COUNTRY,2004,SEX_FMLE,83.2,,,,
SA_0000001444,,KEN,COUNTRY,2004,SEX_MLE,127.3,,,,
SA_0000001444,,KGZ,COUNTRY,2004,SEX_BTSX,354.8,,,,
SA_0000001444,,KGZ,COUNTRY,2004,SEX_FMLE,298.8,,,,
SA_0000001444,,KGZ,COUNTRY,2004,SEX_MLE,429.5,,,,
SA_0000001444,,KHM,COUNTRY,2004,SEX_BTSX,134.3,,,,
SA_0000001444,,KHM,COUNTRY,2004,SEX_FMLE,112.1,,,,
SA_0000001444,,KHM,COUNTRY,2004,SEX_MLE,167.8,,,,
SA_0000001444,,KIR,COUNTRY,2004,SEX_BTSX,12.6,,,,
SA_0000001444,,KIR,COUNTRY,2004,SEX_FMLE,5.6,,,,
SA_0000001444,,KIR,COUNTRY,2004,SEX_MLE,19.9,,,,
SA_0000001444,,KNA,COUNTRY,2004,SEX_BTSX,123.7,,,,
SA_0000001444,,KNA,COUNTRY,2004,SEX_FMLE,99.2,,,,
SA_0000001444,,KNA,COUNTRY,2004,SEX_MLE,152.4,,,,
SA_0000001444,,KOR,COUNTRY,2004,SEX_BTSX,40.3,,,,
SA_0000001444,,KOR,COUNTRY,2004,SEX_FMLE,31.8,,,,
SA_0000001444,,KOR,COUNTRY,2004,SEX_MLE,49.9,,,,
SA_0000001444,,KWT,COUNTRY,2004,SEX_BTSX,104.1,,,,
SA_0000001444,,KWT,COUNTRY,2004,SEX_FMLE,73.3,,,,
SA_0000001444,,KWT,COUNTRY,2004,SEX_MLE,126.0,,,,
SA_0000001444,,LAO,COUNTRY,2004,SEX_BTSX,208.4,,,,
SA_0000001444,,LAO,COUNTRY,2004,SEX_FMLE,181.0,,,,
SA_0000001444,,LAO,COUNTRY,2004,SEX_MLE,241.7,,,,
SA_0000001444,,LBN,COUNTRY,2004,SEX_BTSX,218.5,,,,
SA_0000001444,,LBN,COUNTRY,2004,SEX_FMLE,182.7,,,,
SA_0000001444,,LBN,COUNTRY,2004,SEX_MLE,257.4,,,,
SA_0000001444,,LBR,COUNTRY,2004,SEX_BTSX,126.1,,,,
SA_0000001444,,LBR,COUNTRY,2004,SEX_FMLE,103.6,,,,
SA_0000001444,,LBR,COUNTRY,2004,SEX_MLE,154.0,,,,
SA_0000001444,,LBY,COUNTRY,2004,SEX_BTSX,207.4,,,,
SA_0000001444,,LBY,COUNTRY,2004,SEX_FMLE,159.4,,,,
SA_0000001444,,LBY,COUNTRY,2004,SEX_MLE,250.7,,,,
SA_0000001444,,LCA,COUNTRY,2004,SEX_BTSX,48.3,,,,
SA_0000001444,,LCA,COUNTRY,2004,SEX_FMLE,36.4,,,,
SA_0000001444,,LCA,COUNTRY,2004,SEX_MLE,61.9,,,,
SA_0000001444,,LKA,COUNTRY,2004,SEX_BTSX,100.7,,,,
SA_0000001444,,LKA,COUNTRY,2004,SEX_FMLE,75.6,,,,
SA_0000001444,,LKA,COUNTRY,2004,SEX_MLE,129.0,,,,
SA_0000001444,,LSO,COUNTRY,2004,SEX_BTSX,81.0,,,,
SA_0000001444,,LSO,COUNTRY,2004,SEX_FMLE,60.2,,,,
SA_0000001444,,LSO,COUNTRY,2004,SEX_MLE,111.7,,,,
SA_0000001444,,LTU,COUNTRY,2004,SEX_BTSX,250.8,,,,
SA_0000001444,,LTU,COUNTRY,2004,SEX_FMLE,186.3,,,,
SA_0000001444,,LTU,COUNTRY,2004,SEX_MLE,349.7,,,,
SA_0000001444,,LUX,COUNTRY,2004,SEX_BTSX,65.7,,,,
SA_0000001444,,LUX,COUNTRY,2004,SEX_FMLE,45.6,,,,
SA_0000001444,,LUX,COUNTRY,2004,SEX_MLE,91.5,,,,
SA_0000001444,,LVA,COUNTRY,2004,SEX_BTSX,236.9,,,,
SA_0000001444,,LVA,COUNTRY,2004,SEX_FMLE,173.6,,,,
SA_0000001444,,LVA,COUNTRY,2004,SEX_MLE,333.8,,,,
SA_0000001444,,MAR,COUNTRY,2004,SEX_BTSX,192.8,,,,
SA_0000001444,,MAR,COUNTRY,2004,SEX_FMLE,161.7,,,,
SA_0000001444,,MAR,COUNTRY,2004,SEX_MLE,226.9,,,,
SA_0000001444,,MCO,COUNTRY,2004,SEX_BTSX,37.5,,,,
SA_0000001444,,MCO,COUNTRY,2004,SEX_FMLE,22.4,,,,
SA_0000001444,,MCO,COUNTRY,2004,SEX_MLE,57.1,,,,
SA_0000001444,,MDA,COUNTRY,2004,SEX_BTSX,427.7,,,,
SA_0000001444,,MDA,COUNTRY,2004,SEX_FMLE,378.9,,,,
SA_0000001444,,MDA,COUNTRY,2004,SEX_MLE,500.1,,,,
SA_0000001444,,MDG,COUNTRY,2004,SEX_BTSX,109.6,,,,
SA_0000001444,,MDG,COUNTRY,2004,SEX_FMLE,90.3,,,,
SA_0000001444,,MDG,COUNTRY,2004,SEX_MLE,131.9,,,,
SA_0000001444,,MDV,COUNTRY,2004,SEX_BTSX,66.2,,,,
SA_0000001444,,MDV,COUNTRY,2004,SEX_FMLE,68.6,,,,
SA_0000001444,,MDV,COUNTRY,2004,SEX_MLE,63.6,,,,
SA_0000001444,,MEX,COUNTRY,2004,SEX_BTSX,94.3,,,,
SA_0000001444,,MEX,COUNTRY,2004,SEX_FMLE,78.5,,,,
SA_0000001444,,MEX,COUNTRY,2004,SEX_MLE,112.6,,,,
SA_0000001444,,MHL,COUNTRY,2004,SEX_BTSX,157.2,,,,
SA_0000001444,,MHL,COUNTRY,2004,SEX_FMLE,85.2,,,,
SA_0000001444,,MHL,COUNTRY,2004,SEX_MLE,233.0,,,,
SA_0000001444,,MKD,COUNTRY,2004,SEX_BTSX,107.9,,,,
SA_0000001444,,MKD,COUNTRY,2004,SEX_FMLE,73.5,,,,
SA_0000001444,,MKD,COUNTRY,2004,SEX_MLE,147.3,,,,
SA_0000001444,,MLI,COUNTRY,2004,SEX_BTSX,131.5,,,,
SA_0000001444,,MLI,COUNTRY,2004,SEX_FMLE,108.1,,,,
SA_0000001444,,MLI,COUNTRY,2004,SEX_MLE,162.1,,,,
SA_0000001444,,MLT,COUNTRY,2004,SEX_BTSX,117.1,,,,
SA_0000001444,,MLT,COUNTRY,2004,SEX_FMLE,89.5,,,,
SA_0000001444,,MLT,COUNTRY,2004,SEX_MLE,151.7,,,,
SA_0000001444,,MMR,COUNTRY,2004,SEX_BTSX,194.8,,,,
SA_0000001444,,MMR,COUNTRY,2004,SEX_FMLE,160.4,,,,
SA_0000001444,,MMR,COUNTRY,2004,SEX_MLE,234.3,,,,
SA_0000001444,,MNG,COUNTRY,2004,SEX_BTSX,92.8,,,,
SA_0000001444,,MNG,COUNTRY,2004,SEX_FMLE,55.5,,,,
SA_0000001444,,MNG,COUNTRY,2004,SEX_MLE,139.6,,,,
SA_0000001444,,MOZ,COUNTRY,2004,SEX_BTSX,108.9,,,,
SA_0000001444,,MOZ,COUNTRY,2004,SEX_FMLE,90.1,,,,
SA_0000001444,,MOZ,COUNTRY,2004,SEX_MLE,133.8,,,,
SA_0000001444,,MRT,COUNTRY,2004,SEX_BTSX,113.0,,,,
SA_0000001444,,MRT,COUNTRY,2004,SEX_FMLE,89.3,,,,
SA_0000001444,,MRT,COUNTRY,2004,SEX_MLE,141.7,,,,
SA_0000001444,,MUS,COUNTRY,2004,SEX_BTSX,225.1,,,,
SA_0000001444,,MUS,COUNTRY,2004,SEX_FMLE,178.4,,,,
SA_0000001444,,MUS,COUNTRY,2004,SEX_MLE,281.3,,,,
SA_0000001444,,MWI,COUNTRY,2004,SEX_BTSX,112.5,,,,
SA_0000001444,,MWI,COUNTRY,2004,SEX_FMLE,93.4,,,,
SA_0000001444,,MWI,COUNTRY,2004,SEX_MLE,135.3,,,,
SA_0000001444,,MYS,COUNTRY,2004,SEX_BTSX,102.5,,,,
SA_0000001444,,MYS,COUNTRY,2004,SEX_FMLE,86.6,,,,
SA_0000001444,,MYS,COUNTRY,2004,SEX_MLE,118.5,,,,
SA_0000001444,,NAM,COUNTRY,2004,SEX_BTSX,65.9,,,,
SA_0000001444,,NAM,COUNTRY,2004,SEX_FMLE,43.7,,,,
SA_0000001444,,NAM,COUNTRY,2004,SEX_MLE,95.4,,,,
SA_0000001444,,NER,COUNTRY,2004,SEX_BTSX,144.2,,,,
SA_0000001444,,NER,COUNTRY,2004,SEX_FMLE,114.1,,,,
SA_0000001444,,NER,COUNTRY,2004,SEX_MLE,168.6,,,,
SA_0000001444,,NGA,COUNTRY,2004,SEX_BTSX,124.0,,,,
SA_0000001444,,NGA,COUNTRY,2004,SEX_FMLE,102.2,,,,
SA_0000001444,,NGA,COUNTRY,2004,SEX_MLE,149.2,,,,
SA_0000001444,,NIC,COUNTRY,2004,SEX_BTSX,157.5,,,,
SA_0000001444,,NIC,COUNTRY,2004,SEX_FMLE,135.5,,,,
SA_0000001444,,NIC,COUNTRY,2004,SEX_MLE,183.1,,,,
SA_0000001444,,NIU,COUNTRY,2004,SEX_BTSX,92.9,,,,
SA_0000001444,,NIU,COUNTRY,2004,SEX_FMLE,51.0,,,,
SA_0000001444,,NIU,COUNTRY,2004,SEX_MLE,140.0,,,,
SA_0000001444,,NLD,COUNTRY,2004,SEX_BTSX,54.4,,,,
SA_0000001444,,NLD,COUNTRY,2004,SEX_FMLE,36.4,,,,
SA_0000001444,,NLD,COUNTRY,2004,SEX_MLE,77.5,,,,
SA_0000001444,,NOR,COUNTRY,2004,SEX_BTSX,72.7,,,,
SA_0000001444,,NOR,COUNTRY,2004,SEX_FMLE,48.3,,,,
SA_0000001444,,NOR,COUNTRY,2004,SEX_MLE,103.0,,,,
SA_0000001444,,NPL,COUNTRY,2004,SEX_BTSX,195.0,,,,
SA_0000001444,,NPL,COUNTRY,2004,SEX_FMLE,171.1,,,,
SA_0000001444,,NPL,COUNTRY,2004,SEX_MLE,225.2,,,,
SA_0000001444,,NRU,COUNTRY,2004,SEX_BTSX,181.5,,,,
SA_0000001444,,NRU,COUNTRY,2004,SEX_FMLE,89.6,,,,
SA_0000001444,,NRU,COUNTRY,2004,SEX_MLE,274.5,,,,
SA_0000001444,,NZL,COUNTRY,2004,SEX_BTSX,92.5,,,,
SA_0000001444,,NZL,COUNTRY,2004,SEX_FMLE,67.4,,,,
SA_0000001444,,NZL,COUNTRY,2004,SEX_MLE,122.1,,,,
SA_0000001444,,OMN,COUNTRY,2004,SEX_BTSX,176.9,,,,
SA_0000001444,,OMN,COUNTRY,2004,SEX_FMLE,102.0,,,,
SA_0000001444,,OMN,COUNTRY,2004,SEX_MLE,239.3,,,,
SA_0000001444,,PAK,COUNTRY,2004,SEX_BTSX,221.0,,,,
SA_0000001444,,PAK,COUNTRY,2004,SEX_FMLE,189.4,,,,
SA_0000001444,,PAK,COUNTRY,2004,SEX_MLE,252.4,,,,
SA_0000001444,,PAN,COUNTRY,2004,SEX_BTSX,70.9,,,,
SA_0000001444,,PAN,COUNTRY,2004,SEX_FMLE,55.3,,,,
SA_0000001444,,PAN,COUNTRY,2004,SEX_MLE,87.5,,,,
SA_0000001444,,PER,COUNTRY,2004,SEX_BTSX,61.1,,,,
SA_0000001444,,PER,COUNTRY,2004,SEX_FMLE,47.9,,,,
SA_0000001444,,PER,COUNTRY,2004,SEX_MLE,76.5,,,,
SA_0000001444,,PHL,COUNTRY,2004,SEX_BTSX,118.7,,,,
SA_0000001444,,PHL,COUNTRY,2004,SEX_FMLE,92.5,,,,
SA_0000001444,,PHL,COUNTRY,2004,SEX_MLE,146.8,,,,
SA_0000001444,,PLW,COUNTRY,2004,SEX_BTSX,124.2,,,,
SA_0000001444,,PLW,COUNTRY,2004,SEX_FMLE,70.0,,,,
SA_0000001444,,PLW,COUNTRY,2004,SEX_MLE,182.3,,,,
SA_0000001444,,PNG,COUNTRY,2004,SEX_BTSX,196.1,,,,
SA_0000001444,,PNG,COUNTRY,2004,SEX_FMLE,162.4,,,,
SA_0000001444,,PNG,COUNTRY,2004,SEX_MLE,229.0,,,,
SA_0000001444,,POL,COUNTRY,2004,SEX_BTSX,134.8,,,,
SA_0000001444,,POL,COUNTRY,2004,SEX_FMLE,89.8,,,,
SA_0000001444,,POL,COUNTRY,2004,SEX_MLE,196.1,,,,
SA_0000001444,,PRK,COUNTRY,2004,SEX_BTSX,139.7,,,,
SA_0000001444,,PRK,COUNTRY,2004,SEX_FMLE,120.4,,,,
SA_0000001444,,PRK,COUNTRY,2004,SEX_MLE,166.2,,,,
SA_0000001444,,PRT,COUNTRY,2004,SEX_BTSX,61.5,,,,
SA_0000001444,,PRT,COUNTRY,2004,SEX_FMLE,44.6,,,,
SA_0000001444,,PRT,COUNTRY,2004,SEX_MLE,81.9,,,,
SA_0000001444,,PRY,COUNTRY,2004,SEX_BTSX,103.3,,,,
SA_0000001444,,PRY,COUNTRY,2004,SEX_FMLE,73.5,,,,
SA_0000001444,,PRY,COUNTRY,2004,SEX_MLE,136.9,,,,
SA_0000001444,,QAT,COUNTRY,2004,SEX_BTSX,109.6,,,,
SA_0000001444,,QAT,COUNTRY,2004,SEX_FMLE,104.9,,,,
SA_0000001444,,QAT,COUNTRY,2004,SEX_MLE,106.1,,,,
SA_0000001444,,ROU,COUNTRY,2004,SEX_BTSX,179.7,,,,
SA_0000001444,,ROU,COUNTRY,2004,SEX_FMLE,138.8,,,,
SA_0000001444,,ROU,COUNTRY,2004,SEX_MLE,230.3,,,,
SA_0000001444,,RUS,COUNTRY,2004,SEX_BTSX,321.7,,,,
SA_0000001444,,RUS,COUNTRY,2004,SEX_FMLE,241.9,,,,
SA_0000001444,,RUS,COUNTRY,2004,SEX_MLE,423.5,,,,
SA_0000001444,,RWA,COUNTRY,2004,SEX_BTSX,120.5,,,,
SA_0000001444,,RWA,COUNTRY,2004,SEX_FMLE,98.9,,,,
SA_0000001444,,RWA,COUNTRY,2004,SEX_MLE,151.0,,,,
SA_0000001444,,SAU,COUNTRY,2004,SEX_BTSX,179.0,,,,
SA_0000001444,,SAU,COUNTRY,2004,SEX_FMLE,111.2,,,,
SA_0000001444,,SAU,COUNTRY,2004,SEX_MLE,232.4,,,,
SA_0000001444,,SDN,COUNTRY,2004,SEX_BTSX,225.1,,,,
SA_0000001444,,SDN,COUNTRY,2004,SEX_FMLE,189.2,,,,
SA_0000001444,,SDN,COUNTRY,2004,SEX_MLE,265.3,,,,
SA_0000001444,,SEN,COUNTRY,2004,SEX_BTSX,119.8,,,,
SA_0000001444,,SEN,COUNTRY,2004,SEX_FMLE,96.1,,,,
SA_0000001444,,SEN,COUNTRY,2004,SEX_MLE,144.2,,,,
SA_0000001444,,SGP,COUNTRY,2004,SEX_BTSX,89.7,,,,
SA_0000001444,,SGP,COUNTRY,2004,SEX_FMLE,69.3,,,,
SA_0000001444,,SGP,COUNTRY,2004,SEX_MLE,112.0,,,,
SA_0000001444,,SLB,COUNTRY,2004,SEX_BTSX,111.6,,,,
SA_0000001444,,SLB,COUNTRY,2004,SEX_FMLE,61.1,,,,
SA_0000001444,,SLB,COUNTRY,2004,SEX_MLE,159.7,,,,
SA_0000001444,,SLE,COUNTRY,2004,SEX_BTSX,140.0,,,,
SA_0000001444,,SLE,COUNTRY,2004,SEX_FMLE,109.9,,,,
SA_0000001444,,SLE,COUNTRY,2004,SEX_MLE,176.6,,,,
SA_0000001444,,SLV,COUNTRY,2004,SEX_BTSX,92.8,,,,
SA_0000001444,,SLV,COUNTRY,2004,SEX_FMLE,85.1,,,,
SA_0000001444,,SLV,COUNTRY,2004,SEX_MLE,102.9,,,,
SA_0000001444,,SMR,COUNTRY,2004,SEX_BTSX,59.9,,,,
SA_0000001444,,SMR,COUNTRY,2004,SEX_FMLE,48.2,,,,
SA_0000001444,,SMR,COUNTRY,2004,SEX_MLE,73.5,,,,
SA_0000001444,,SOM,COUNTRY,2004,SEX_BTSX,242.2,,,,
SA_0000001444,,SOM,COUNTRY,2004,SEX_FMLE,209.1,,,,
SA_0000001444,,SOM,COUNTRY,2004,SEX_MLE,279.4,,,,
SA_0000001444,,STP,COUNTRY,2004,SEX_BTSX,106.6,,,,
SA_0000001444,,STP,COUNTRY,2004,SEX_FMLE,89.0,,,,
SA_0000001444,,STP,COUNTRY,2004,SEX_MLE,127.6,,,,
SA_0000001444,,SUR,COUNTRY,2004,SEX_BTSX,119.3,,,,
SA_0000001444,,SUR,COUNTRY,2004,SEX_FMLE,91.7,,,,
SA_0000001444,,SUR,COUNTRY,2004,SEX_MLE,151.3,,,,
SA_0000001444,,SVK,COUNTRY,2004,SEX_BTSX,205.3,,,,
SA_0000001444,,SVK,COUNTRY,2004,SEX_FMLE,160.9,,,,
SA_0000001444,,SVK,COUNTRY,2004,SEX_MLE,268.1,,,,
SA_0000001444,,SVN,COUNTRY,2004,SEX_BTSX,77.1,,,,
SA_0000001444,,SVN,COUNTRY,2004,SEX_FMLE,50.5,,,,
SA_0000001444,,SVN,COUNTRY,2004,SEX_MLE,114.3,,,,
SA_0000001444,,SWE,COUNTRY,2004,SEX_BTSX,85.4,,,,
SA_0000001444,,SWE,COUNTRY,2004,SEX_FMLE,58.7,,,,
SA_0000001444,,SWE,COUNTRY,2004,SEX_MLE,118.3,,,,
SA_0000001444,,SWZ,COUNTRY,2004,SEX_BTSX,100.0,,,,
SA_0000001444,,SWZ,COUNTRY,2004,SEX_FMLE,78.1,,,,
SA_0000001444,,SWZ,COUNTRY,2004,SEX_MLE,130.6,,,,
SA_0000001444,,SYC,COUNTRY,2004,SEX_BTSX,90.4,,,,
SA_0000001444,,SYC,COUNTRY,2004,SEX_FMLE,50.9,,,,
SA_0000001444,,SYC,COUNTRY,2004,SEX_MLE,145.1,,,,
SA_0000001444,,SYR,COUNTRY,2004,SEX_BTSX,165.2,,,,
SA_0000001444,,SYR,COUNTRY,2004,SEX_FMLE,123.5,,,,
SA_0000001444,,SYR,COUNTRY,2004,SEX_MLE,212.9,,,,
SA_0000001444,,TCD,COUNTRY,2004,SEX_BTSX,124.8,,,,
SA_0000001444,,TCD,COUNTRY,2004,SEX_FMLE,100.5,,,,
SA_0000001444,,TCD,COUNTRY,2004,SEX_MLE,154.1,,,,
SA_0000001444,,TGO,COUNTRY,2004,SEX_BTSX,112.6,,,,
SA_0000001444,,TGO,COUNTRY,2004,SEX_FMLE,90.9,,,,
SA_0000001444,,TGO,COUNTRY,2004,SEX_MLE,139.6,,,,
SA_0000001444,,THA,COUNTRY,2004,SEX_BTSX,43.8,,,,
SA_0000001444,,THA,COUNTRY,2004,SEX_FMLE,39.0,,,,
SA_0000001444,,THA,COUNTRY,2004,SEX_MLE,49.2,,,,
SA_0000001444,,TJK,COUNTRY,2004,SEX_BTSX,277.5,,,,
SA_0000001444,,TJK,COUNTRY,2004,SEX_FMLE,256.2,,,,
SA_0000001444,,TJK,COUNTRY,2004,SEX_MLE,303.0,,,,
SA_0000001444,,TKM,COUNTRY,2004,SEX_BTSX,456.0,,,,
SA_0000001444,,TKM,COUNTRY,2004,SEX_FMLE,356.5,,,,
SA_0000001444,,TKM,COUNTRY,2004,SEX_MLE,600.8,,,,
SA_0000001444,,TLS,COUNTRY,2004,SEX_BTSX,170.3,,,,
SA_0000001444,,TLS,COUNTRY,2004,SEX_FMLE,138.1,,,,
SA_0000001444,,TLS,COUNTRY,2004,SEX_MLE,205.1,,,,
SA_0000001444,,TON,COUNTRY,2004,SEX_BTSX,96.6,,,,
SA_0000001444,,TON,COUNTRY,2004,SEX_FMLE,69.8,,,,
SA_0000001444,,TON,COUNTRY,2004,SEX_MLE,129.0,,,,
SA_0000001444,,TTO,COUNTRY,2004,SEX_BTSX,184.1,,,,
SA_0000001444,,TTO,COUNTRY,2004,SEX_FMLE,151.4,,,,
SA_0000001444,,TTO,COUNTRY,2004,SEX_MLE,222.8,,,,
SA_0000001444,,TUN,COUNTRY,2004,SEX_BTSX,164.2,,,,
SA_0000001444,,TUN,COUNTRY,2004,SEX_FMLE,139.3,,,,
SA_0000001444,,TUN,COUNTRY,2004,SEX_MLE,191.3,,,,
SA_0000001444,,TUR,COUNTRY,2004,SEX_BTSX,199.2,,,,
SA_0000001444,,TUR,COUNTRY,2004,SEX_FMLE,176.5,,,,
SA_0000001444,,TUR,COUNTRY,2004,SEX_MLE,221.8,,,,
SA_0000001444,,TUV,COUNTRY,2004,SEX_BTSX,164.0,,,,
SA_0000001444,,TUV,COUNTRY,2004,SEX_FMLE,83.6,,,,
SA_0000001444,,TUV,COUNTRY,2004,SEX_MLE,244.3,,,,
SA_0000001444,,TZA,COUNTRY,2004,SEX_BTSX,117.8,,,,
SA_0000001444,,TZA,COUNTRY,2004,SEX_FMLE,96.6,,,,
SA_0000001444,,TZA,COUNTRY,2004,SEX_MLE,143.9,,,,
SA_0000001444,,UGA,COUNTRY,2004,SEX_BTSX,110.9,,,,
SA_0000001444,,UGA,COUNTRY,2004,SEX_FMLE,87.7,,,,
SA_0000001444,,UGA,COUNTRY,2004,SEX_MLE,138.9,,,,
SA_0000001444,,UKR,COUNTRY,2004,SEX_BTSX,424.1,,,,
SA_0000001444,,UKR,COUNTRY,2004,SEX_FMLE,338.6,,,,
SA_0000001444,,UKR,COUNTRY,2004,SEX_MLE,554.7,,,,
SA_0000001444,,URY,COUNTRY,2004,SEX_BTSX,70.5,,,,
SA_0000001444,,URY,COUNTRY,2004,SEX_FMLE,45.0,,,,
SA_0000001444,,URY,COUNTRY,2004,SEX_MLE,105.2,,,,
SA_0000001444,,USA,COUNTRY,2004,SEX_BTSX,97.6,,,,
SA_0000001444,,USA,COUNTRY,2004,SEX_FMLE,73.3,,,,
SA_0000001444,,USA,COUNTRY,2004,SEX_MLE,127.2,,,,
SA_0000001444,,UZB,COUNTRY,2004,SEX_BTSX,375.8,,,,
SA_0000001444,,UZB,COUNTRY,2004,SEX_FMLE,327.3,,,,
SA_0000001444,,UZB,COUNTRY,2004,SEX_MLE,434.8,,,,
SA_0000001444,,VCT,COUNTRY,2004,SEX_BTSX,87.6,,,,
SA_0000001444,,VCT,COUNTRY,2004,SEX_FMLE,72.3,,,,
SA_0000001444,,VCT,COUNTRY,2004,SEX_MLE,107.6,,,,
SA_0000001444,,VEN,COUNTRY,2004,SEX_BTSX,109.0,,,,
SA_0000001444,,VEN,COUNTRY,2004,SEX_FMLE,86.5,,,,
SA_0000001444,,VEN,COUNTRY,2004,SEX_MLE,133.9,,,,
SA_0000001444,,VNM,COUNTRY,2004,SEX_BTSX,122.5,,,,
SA_0000001444,,VNM,COUNTRY,2004,SEX_FMLE,99.2,,,,
SA_0000001444,,VNM,COUNTRY,2004,SEX_MLE,148.7,,,,
SA_0000001444,,VUT,COUNTRY,2004,SEX_BTSX,121.5,,,,
SA_0000001444,,VUT,COUNTRY,2004,SEX_FMLE,66.3,,,,
SA_0000001444,,VUT,COUNTRY,2004,SEX_MLE,171.6,,,,
SA_0000001444,,WSM,COUNTRY,2004,SEX_BTSX,125.0,,,,
SA_0000001444,,WSM,COUNTRY,2004,SEX_FMLE,71.3,,,,
SA_0000001444,,WSM,COUNTRY,2004,SEX_MLE,181.7,,,,
SA_0000001444,,YEM,COUNTRY,2004,SEX_BTSX,267.7,,,,
SA_0000001444,,YEM,COUNTRY,2004,SEX_FMLE,225.6,,,,
SA_0000001444,,YEM,COUNTRY,2004,SEX_MLE,312.9,,,,
SA_0000001444,,ZAF,COUNTRY,2004,SEX_BTSX,113.7,,,,
SA_0000001444,,ZAF,COUNTRY,2004,SEX_FMLE,88.0,,,,
SA_0000001444,,ZAF,COUNTRY,2004,SEX_MLE,149.7,,,,
SA_0000001444,,ZMB,COUNTRY,2004,SEX_BTSX,117.6,,,,
SA_0000001444,,ZMB,COUNTRY,2004,SEX_FMLE,95.6,,,,
SA_0000001444,,ZMB,COUNTRY,2004,SEX_MLE,146.0,,,,
SA_0000001444,,ZWE,COUNTRY,2004,SEX_BTSX,114.7,,,,
SA_0000001444,,ZWE,COUNTRY,2004,SEX_FMLE,90.9,,,,
SA_0000001444,,ZWE,COUNTRY,2004,SEX_MLE,145.0,,,,
